{"cameraMode":{"drawMode":0,"name":"Shaded","section":"Shading Mode"},"sceneLighting":true,"audioPlay":false,"sceneViewState":{"showFog":true,"showMaterialUpdate":false,"showSkybox":true,"showFlares":true,"showImageEffects":true,"showParticleSystems":true,"showVisualEffectGraphs":true,"m_FxEnabled":true},"in2DMode":false,"pivot":{"x":4.039921283721924,"y":3.9046778678894045,"z":3.8441596031188967},"rotation":{"x":0.01691703125834465,"y":-0.9751588702201843,"z":0.07517794519662857,"w":0.20876215398311616},"size":36.93033981323242,"orthographic":false}