{"cameraMode":{"drawMode":0,"name":"Shaded","section":"Shading Mode"},"sceneLighting":true,"audioPlay":false,"sceneViewState":{"showFog":true,"showMaterialUpdate":false,"showSkybox":true,"showFlares":true,"showImageEffects":true,"showParticleSystems":true,"showVisualEffectGraphs":true,"m_FxEnabled":true},"in2DMode":false,"pivot":{"x":7.320882797241211,"y":-52.468082427978519,"z":-107.32502746582031},"rotation":{"x":-0.011663112789392472,"y":-0.9713815450668335,"z":0.23370090126991273,"w":-0.04724183678627014},"size":62.28598403930664,"orthographic":false}