{"cameraMode":{"drawMode":0,"name":"Shaded","section":"Shading Mode"},"sceneLighting":true,"audioPlay":false,"sceneViewState":{"showFog":true,"showMaterialUpdate":false,"showSkybox":true,"showFlares":true,"showImageEffects":true,"showParticleSystems":true,"showVisualEffectGraphs":true,"m_FxEnabled":true},"in2DMode":false,"pivot":{"x":-20.404876708984376,"y":5.059324741363525,"z":-27.335399627685548},"rotation":{"x":-0.17779627442359925,"y":0.06606872379779816,"z":-0.012074580416083336,"w":-0.9820364713668823},"size":6.292044162750244,"orthographic":false}