{"cameraMode":{"drawMode":0,"name":"Shaded","section":"Shading Mode"},"sceneLighting":true,"audioPlay":false,"sceneViewState":{"showFog":true,"showMaterialUpdate":false,"showSkybox":true,"showFlares":true,"showImageEffects":true,"showParticleSystems":true,"showVisualEffectGraphs":true,"m_FxEnabled":true},"in2DMode":false,"pivot":{"x":2.928330659866333,"y":2.854989767074585,"z":-5.508184432983398},"rotation":{"x":0.0035441466607153417,"y":0.9945645928382874,"z":-0.09758934378623963,"w":0.03611943870782852},"size":3.5808651447296144,"orthographic":false}