{"cameraMode":{"drawMode":0,"name":"Shaded","section":"Shading Mode"},"sceneLighting":true,"audioPlay":false,"sceneViewState":{"showFog":true,"showMaterialUpdate":false,"showSkybox":true,"showFlares":true,"showImageEffects":true,"showParticleSystems":true,"showVisualEffectGraphs":true,"m_FxEnabled":true},"in2DMode":false,"pivot":{"x":109.63312530517578,"y":1.9991340637207032,"z":-138.0360107421875},"rotation":{"x":0.039007093757390979,"y":0.9608415961265564,"z":-0.20392775535583497,"w":0.18438486754894257},"size":7.6928606033325199,"orthographic":false}