{"cameraMode":{"drawMode":0,"name":"Shaded","section":"Shading Mode"},"sceneLighting":true,"audioPlay":false,"sceneViewState":{"showFog":true,"showMaterialUpdate":false,"showSkybox":true,"showFlares":true,"showImageEffects":true,"showParticleSystems":true,"showVisualEffectGraphs":true,"m_FxEnabled":true},"in2DMode":false,"pivot":{"x":2.091376781463623,"y":3.885291814804077,"z":0.2896019220352173},"rotation":{"x":-0.0635891929268837,"y":-0.004804142750799656,"z":0.00016661804693285376,"w":-0.9982225894927979},"size":6.292044162750244,"orthographic":false}