{"cameraMode":{"drawMode":0,"name":"Shaded","section":"Shading Mode"},"sceneLighting":true,"audioPlay":false,"sceneViewState":{"showFog":true,"showMaterialUpdate":false,"showSkybox":true,"showFlares":true,"showImageEffects":true,"showParticleSystems":true,"showVisualEffectGraphs":true,"m_FxEnabled":true},"in2DMode":false,"pivot":{"x":-0.5450963973999023,"y":3.9207072257995607,"z":2.678985118865967},"rotation":{"x":0.33803436160087588,"y":0.5339422225952148,"z":-0.24580024182796479,"w":0.7352305054664612},"size":1.0887014865875245,"orthographic":false}