{"cameraMode":{"drawMode":0,"name":"Shaded","section":"Shading Mode"},"sceneLighting":true,"audioPlay":false,"sceneViewState":{"showFog":true,"showMaterialUpdate":false,"showSkybox":true,"showFlares":true,"showImageEffects":true,"showParticleSystems":true,"showVisualEffectGraphs":true,"m_FxEnabled":true},"in2DMode":false,"pivot":{"x":107.49723052978516,"y":6.954344272613525,"z":-136.70498657226563},"rotation":{"x":-0.05142895132303238,"y":0.6342832446098328,"z":0.042715881019830707,"w":0.7705489993095398},"size":8.130538940429688,"orthographic":false}