{"cameraMode":{"drawMode":0,"name":"Shaded","section":"Shading Mode"},"sceneLighting":true,"audioPlay":false,"sceneViewState":{"showFog":true,"showMaterialUpdate":false,"showSkybox":true,"showFlares":true,"showImageEffects":true,"showParticleSystems":true,"showVisualEffectGraphs":true,"m_FxEnabled":true},"in2DMode":false,"pivot":{"x":1.6657114028930665,"y":0.29016315937042239,"z":-2.4105374813079836},"rotation":{"x":0.1349809318780899,"y":0.46669554710388186,"z":-0.07212631404399872,"w":0.8713096380233765},"size":5.407395362854004,"orthographic":false}