{"cameraMode":{"drawMode":0,"name":"Shaded","section":"Shading Mode"},"sceneLighting":true,"audioPlay":false,"sceneViewState":{"showFog":true,"showMaterialUpdate":false,"showSkybox":true,"showFlares":true,"showImageEffects":true,"showParticleSystems":true,"showVisualEffectGraphs":true,"m_FxEnabled":true},"in2DMode":false,"pivot":{"x":433.3581848144531,"y":179.42373657226563,"z":-164.51828002929688},"rotation":{"x":0.0038879276253283025,"y":-0.039314329624176028,"z":-0.00011461877875262871,"w":-0.9993882179260254},"size":177.85226440429688,"orthographic":false}