{"cameraMode":{"drawMode":0,"name":"Shaded","section":"Shading Mode"},"sceneLighting":true,"audioPlay":false,"sceneViewState":{"showFog":true,"showMaterialUpdate":false,"showSkybox":true,"showFlares":true,"showImageEffects":true,"showParticleSystems":true,"showVisualEffectGraphs":true,"m_FxEnabled":true},"in2DMode":false,"pivot":{"x":20.618846893310548,"y":4.193428039550781,"z":-15.669231414794922},"rotation":{"x":0.04275702312588692,"y":0.3296686112880707,"z":-0.014947162009775639,"w":0.9430131316184998},"size":-0.014433145523071289,"orthographic":false}