{"cameraMode":{"drawMode":0,"name":"Shaded","section":"Shading Mode"},"sceneLighting":true,"audioPlay":false,"sceneViewState":{"showFog":true,"showMaterialUpdate":false,"showSkybox":true,"showFlares":true,"showImageEffects":true,"showParticleSystems":true,"showVisualEffectGraphs":true,"m_FxEnabled":true},"in2DMode":false,"pivot":{"x":0.20191021263599397,"y":-0.16547319293022157,"z":-11.014421463012696},"rotation":{"x":-0.013317103497684002,"y":0.9825860857963562,"z":-0.17326685786247254,"w":-0.0699123814702034},"size":9.899158477783204,"orthographic":false}